ticker,name,industry,market_cap,price,buffett_v1_intrinsic,buffett_v1_mos,buffett_v1_signal,buffett_v2_intrinsic,buffett_v2_mos,buffett_v2_signal,buffett3_intrinsic,buffett3_mos,buffett3_signal,buffett3_type,buffett3_quality_flags,imfs_model,imfs_route,imfs_intrinsic,imfs_gap_pct,imfs_signal,imfs_est_revenue_growth_pct,imfs_est_profit_margin_pct,imfs_quality_score,imfs_premium_eligible,imfs_justified_pe,imfs_projected_eps,quant_score,quant_action,quant_signal,hybrid_target,hybrid_return_pct,hybrid_signal,data_warnings
2330,台灣積體電路製造股份有限公司,其他電子業,57569036992512,2270.0,142.25700225819537,-1495.7035252858536,高估,271.60194516745867,-735.7819376442282,高估,705.198,-68.934,避開,high_quality_compounder,"{""data_quality_flags"": [], ""manual_review_flags"": []}",RULE_OF_40,B,2528.676173178527,0.13904332125158866,discount,31.60502250676387,44.987527304172886,76.59254981093676,True,30.5,82.90741551405006,47,HOLD,Data N/A,2217.01,7.884,buy,"{""buffett_v1"": [], ""buffett_v2"": [], ""buffett3"": [], ""imfs"": [""quality score only; no intrinsic value produced"", ""rule_of_40_bridge_applied""], ""quant"": [], ""hybrid"": [""cv_rmse_mean=0.08161""]}"
2308,台達電子工業股份有限公司,28,5623681384448,2155.0,79.69197900776712,-2604.1617322490692,高估,105.93993853708588,-1934.171465226601,高估,309.7501,-85.6264,避開,high_quality_compounder,"{""data_quality_flags"": [], ""manual_review_flags"": []}",EPV,A,231.40479825274167,-0.893115566626909,fair_or_rich,,,,,,,42,TRIM / REDUCE,Data N/A,2195.74,25.471,buy,"{""buffett_v1"": [], ""buffett_v2"": [], ""buffett3"": [], ""imfs"": [], ""quant"": [], ""hybrid"": [""cv_rmse_mean=0.09944""]}"
2454,聯發科技股份有限公司,其他電子業,5578374512640,3405.0,506.60501894730294,-572.1212527809931,高估,595.2874707181905,-471.9925527564025,高估,1219.5765,-64.1828,避開,high_quality_compounder,"{""data_quality_flags"": [], ""manual_review_flags"": []}",RULE_OF_40,B,981.5354836020813,-0.7191600905287321,fair_or_rich,12.32218906026461,17.672033504774863,29.994222565039472,False,13.5,72.70633211867269,58,HOLD,Data N/A,,,runtime_error,"{""buffett_v1"": [], ""buffett_v2"": [], ""buffett3"": [], ""imfs"": [""quality score only; no intrinsic value produced"", ""rule_of_40_bridge_applied""], ""quant"": [], ""hybrid"": [""tw hybrid training failed: [16:22:17] C:\\actions-runner\\_work\\xgboost\\xgboost\\src\\data\\data.cc:568: Check failed: valid: Label contains NaN, infinity or a value too large.""]}"
2317,鴻海精密工業股份有限公司,電腦周邊,3504647438336,244.5,73.25187468157479,-233.77985350250648,高估,73.25187468157479,-233.77985350250648,高估,188.5815,-22.8706,避開,high_quality_compounder,"{""data_quality_flags"": [], ""manual_review_flags"": []}",EPV,A,135.61368801478474,-0.4597064222518536,fair_or_rich,,,,,,,59,HOLD,Data N/A,,,runtime_error,"{""buffett_v1"": [], ""buffett_v2"": [], ""buffett3"": [], ""imfs"": [], ""quant"": [], ""hybrid"": [""tw hybrid training failed: [16:22:17] C:\\actions-runner\\_work\\xgboost\\xgboost\\src\\data\\data.cc:568: Check failed: valid: Label contains NaN, infinity or a value too large.""]}"
3711,日月光投資控股股份有限公司,其他電子業,2404564598784,548.0,48.024614119113586,-1041.081526737137,高估,48.024614119113586,-1041.081526737137,高估,131.6633,-75.9738,避開,high_quality_compounder,"{""data_quality_flags"": [], ""manual_review_flags"": []}",RULE_OF_40,B,134.19390252512795,-0.7551206158300585,fair_or_rich,8.393906691979103,6.947381661776222,15.341288353755324,False,12.0,11.18282521042733,47,HOLD,Data N/A,546.65,28.928,buy,"{""buffett_v1"": [], ""buffett_v2"": [], ""buffett3"": [], ""imfs"": [""quality score only; no intrinsic value produced"", ""rule_of_40_bridge_applied""], ""quant"": [], ""hybrid"": [""cv_rmse_mean=0.12002""]}"
2383,台光電子材料股份有限公司,28,1766522486784,4920.0,64.95919887556862,-7473.985032396126,高估,46.41441676328706,-10500.154743066014,高估,406.661,-91.7345,避開,high_quality_compounder,"{""data_quality_flags"": [], ""manual_review_flags"": []}",EPV,A,408.82077801747596,-0.9170748928970637,fair_or_rich,,,,,,,49,HOLD,Data N/A,4972.63,37.937,buy,"{""buffett_v1"": [], ""buffett_v2"": [], ""buffett3"": [], ""imfs"": [], ""quant"": [], ""hybrid"": [""cv_rmse_mean=0.16027""]}"
3037,欣興電子股份有限公司,28,1404471214080,881.0,40.28142544599972,-2087.112273822203,高估,40.28142544599972,-2087.112273822203,高估,53.5286,-93.9241,避開,high_quality_compounder,"{""data_quality_flags"": [], ""manual_review_flags"": []}",EPV,A,43.655601484659314,-0.9510587427302025,fair_or_rich,,,,,,,47,HOLD,Data N/A,,,runtime_error,"{""buffett_v1"": [], ""buffett_v2"": [], ""buffett3"": [], ""imfs"": [], ""quant"": [], ""hybrid"": [""tw hybrid training failed: Input contains infinity or a value too large for dtype('float64').""]}"
2345,智邦科技股份有限公司,電子商務,1360941023232,2675.0,39.25593753293497,-6714.255799535361,高估,105.69986149617324,-2430.7507144622377,高估,520.2684,-80.5507,避開,high_quality_compounder,"{""data_quality_flags"": [], ""manual_review_flags"": []}",RULE_OF_40,B,1311.9703952134425,-0.46120312311562933,fair_or_rich,45.0,10.749031411003985,55.74903141100398,True,27.59,47.552388373085996,49,HOLD,Data N/A,2425.99,28.359,buy,"{""buffett_v1"": [], ""buffett_v2"": [], ""buffett3"": [], ""imfs"": [""quality score only; no intrinsic value produced"", ""rule_of_40_bridge_applied""], ""quant"": [], ""hybrid"": [""cv_rmse_mean=0.13057""]}"
7769,鴻勁精密股份有限公司,其他電子業,1338679230464,7560.0,81.1917701269017,-9211.288555704374,高估,164.94367685316092,-4483.382730536677,高估,891.9131,-88.2022,避開,high_quality_compounder,"{""data_quality_flags"": [], ""manual_review_flags"": []}",RULE_OF_40,B,1460.4132281085067,-0.8037078994477813,fair_or_rich,45.0,39.618505456869826,84.61850545686983,True,30.5,47.88240092159038,64,HOLD,Data N/A,7109.34,69.877,buy,"{""buffett_v1"": [], ""buffett_v2"": [], ""buffett3"": [], ""imfs"": [""quality score only; no intrinsic value produced"", ""rule_of_40_bridge_applied""], ""quant"": [], ""hybrid"": [""cv_rmse_mean=0.18498""]}"
2382,廣達電腦股份有限公司,文化創意,1312463519744,334.5,52.331337379196114,-539.196352992457,高估,84.12950779540091,-297.6012801756651,高估,237.9283,-28.8705,避開,high_quality_compounder,"{""data_quality_flags"": [], ""manual_review_flags"": []}",EPV,A,194.54492680590135,-0.42864926048193436,fair_or_rich,,,,,,,50,HOLD,Data N/A,328.42,1.679,hold,"{""buffett_v1"": [], ""buffett_v2"": [], ""buffett3"": [], ""imfs"": [], ""quant"": [], ""hybrid"": [""cv_rmse_mean=0.09773""]}"
2881,富邦金融控股股份有限公司,金融保險,1294143848448,94.6,28.99106637955673,-226.30741746949985,高估,28.26965490474722,-234.6344351169075,高估,73.2876,-22.5289,避開,financial,"{""data_quality_flags"": [""current_ratio_missing""], ""manual_review_flags"": []}",ROE_PB,C,79.31261032388893,-0.16248563543939884,fair_or_rich,,,,,,,50,HOLD,Data N/A,91.09,3.979,hold,"{""buffett_v1"": [], ""buffett_v2"": [], ""buffett3"": [""current_ratio_missing""], ""imfs"": [], ""quant"": [], ""hybrid"": [""cv_rmse_mean=0.06883""]}"
2303,聯華電子股份有限公司,其他電子業,1236907065344,108.0,57.480977420405,-87.88824554966843,高估,42.657052693770744,-153.18204887552244,高估,52.9872,-50.9378,避開,high_quality_compounder,"{""data_quality_flags"": [], ""manual_review_flags"": []}",RULE_OF_40,B,47.01256953091281,-0.522229984441943,fair_or_rich,2.260248211444771,20.252819664996625,22.513067876441397,False,12.0,3.917714127576068,57,HOLD,Data N/A,,,runtime_error,"{""buffett_v1"": [], ""buffett_v2"": [], ""buffett3"": [], ""imfs"": [""quality score only; no intrinsic value produced"", ""rule_of_40_bridge_applied""], ""quant"": [], ""hybrid"": [""tw hybrid training failed: Input contains infinity or a value too large for dtype('float64').""]}"
2882,國泰金融控股股份有限公司,金融保險,1133929955328,76.7,28.57606087853402,-168.4064830559487,高估,28.57606087853402,-168.4064830559487,高估,56.424,-26.4355,避開,financial,"{""data_quality_flags"": [""current_ratio_missing""], ""manual_review_flags"": []}",ROE_PB,C,70.69593120052693,-0.08543426648736183,fair_or_rich,,,,,,,50,HOLD,Data N/A,74.79,2.881,hold,"{""buffett_v1"": [], ""buffett_v2"": [], ""buffett3"": [""current_ratio_missing""], ""imfs"": [], ""quant"": [], ""hybrid"": [""cv_rmse_mean=0.07161""]}"
2891,中國信託金融控股股份有限公司,金融保險,1080312201216,54.8,13.207025207981484,-314.9306837612634,高估,13.207025207981484,-314.9306837612634,高估,35.6135,-35.0119,避開,financial,"{""data_quality_flags"": [""current_ratio_missing""], ""manual_review_flags"": []}",ROE_PB,C,31.831255908357804,-0.4201957029443023,fair_or_rich,,,,,,,50,HOLD,Data N/A,53.49,0.727,hold,"{""buffett_v1"": [], ""buffett_v2"": [], ""buffett3"": [""current_ratio_missing""], ""imfs"": [], ""quant"": [], ""hybrid"": [""cv_rmse_mean=0.061""]}"
2412,中華電信股份有限公司,電子商務,1066648928256,137.5,37.68508313920153,-264.86585286836475,高估,44.22788266526784,-210.88985434968325,高估,96.773,-29.6196,避開,defensive_dividend,"{""data_quality_flags"": [], ""manual_review_flags"": []}",RULE_OF_40,B,61.33772732137125,-0.5539074376627545,fair_or_rich,2.7019577819096474,16.487682693577447,19.189640475487096,False,12.0,5.1114772767809376,37,TRIM / REDUCE,Data N/A,136.13,0.834,hold,"{""buffett_v1"": [], ""buffett_v2"": [], ""buffett3"": [], ""imfs"": [""quality score only; no intrinsic value produced"", ""rule_of_40_bridge_applied""], ""quant"": [], ""hybrid"": [""cv_rmse_mean=0.02838""]}"
6669,緯穎科技服務股份有限公司,文化創意,1036991594496,5435.0,263.52471549219104,-1962.425146669423,高估,155.28911525328726,-3399.9233469359006,高估,2234.5223,-58.8864,避開,high_quality_compounder,"{""data_quality_flags"": [], ""manual_review_flags"": []}",EPV,A,2750.6427800342285,-0.5070532652268408,fair_or_rich,,,,,,,54,HOLD,Data N/A,4835.77,28.782,buy,"{""buffett_v1"": [], ""buffett_v2"": [], ""buffett3"": [], ""imfs"": [], ""quant"": [], ""hybrid"": [""cv_rmse_mean=0.16143""]}"
2360,致茂電子股份有限公司,電腦周邊,1018736738304,2260.0,35.286791491048795,-6304.662777496487,高估,35.286791491048795,-6304.662777496487,高估,286.9048,-87.3051,避開,high_quality_compounder,"{""data_quality_flags"": [], ""manual_review_flags"": []}",EPV,A,276.0116688583946,-0.8852342333229127,fair_or_rich,,,,,,,54,HOLD,Data N/A,2363.41,28.446,buy,"{""buffett_v1"": [], ""buffett_v2"": [], ""buffett3"": [], ""imfs"": [], ""quant"": [], ""hybrid"": [""cv_rmse_mean=0.12703""]}"
3017,奇鋐科技股份有限公司,文化創意,1013782216704,2555.0,83.89618164319953,-2945.430614311043,高估,228.61248919809418,-1017.6117319583865,高估,563.8648,-77.9309,避開,high_quality_compounder,"{""data_quality_flags"": [], ""manual_review_flags"": []}",EPV,A,491.064902025021,-0.8100329199129512,fair_or_rich,,,,,,,54,HOLD,Data N/A,2579.27,11.657,buy,"{""buffett_v1"": [], ""buffett_v2"": [], ""buffett3"": [], ""imfs"": [], ""quant"": [], ""hybrid"": [""cv_rmse_mean=0.14403""]}"
2408,南亞科技股份有限公司,其他電子業,994659532800,341.0,40.887768850177274,-733.9902361743113,高估,40.887768850177274,-733.9902361743113,高估,27.2969,-91.995,避開,cyclical,"{""data_quality_flags"": [], ""manual_review_flags"": [""cyclical_ev_ebitda_not_ready_without_clean_ebitda"", ""cyclical_model_uses_partial_leg_set""]}",RULE_OF_40,B,24.859688750472493,-0.9225554867586526,fair_or_rich,45.0,6.393114095415483,51.393114095415484,True,25.63,0.9699449375915917,51,HOLD,Data N/A,304.53,38.422,buy,"{""buffett_v1"": [], ""buffett_v2"": [], ""buffett3"": [""valuation_weights_reallocated_over_ready_legs""], ""imfs"": [""quality score only; no intrinsic value produced"", ""rule_of_40_bridge_applied""], ""quant"": [], ""hybrid"": [""cv_rmse_mean=0.15454""]}"
2327,國巨股份有限公司,28,864666779648,462.0,64.25659348669582,-618.9923631660555,高估,79.50623046516817,-481.08653535323003,高估,178.9255,-61.2715,避開,high_quality_compounder,"{""data_quality_flags"": [], ""manual_review_flags"": []}",EPV,A,114.71641318325682,-0.7268656828970076,fair_or_rich,,,,,,,47,HOLD,Data N/A,,,runtime_error,"{""buffett_v1"": [], ""buffett_v2"": [], ""buffett3"": [], ""imfs"": [], ""quant"": [], ""hybrid"": [""tw hybrid training failed: Input contains infinity or a value too large for dtype('float64').""]}"
2885,元大金融控股股份有限公司,金融保險,743878164480,55.5,13.461532090831776,-312.2859094010503,高估,13.461532090831776,-312.2859094010503,高估,24.9611,-55.025,避開,financial,"{""data_quality_flags"": [], ""manual_review_flags"": []}",ROE_PB,C,27.464903962139527,-0.5077974200333418,fair_or_rich,,,,,,,54,HOLD,Data N/A,53.56,8.092,buy,"{""buffett_v1"": [], ""buffett_v2"": [], ""buffett3"": [], ""imfs"": [], ""quant"": [], ""hybrid"": [""cv_rmse_mean=0.06533""]}"
3443,創意電子股份有限公司,其他電子業,714278633472,5075.0,144.38464244912126,-3414.9167625555087,高估,135.3162294455346,-3650.4739976831174,高估,478.5916,-90.5696,避開,high_quality_compounder,"{""data_quality_flags"": [], ""manual_review_flags"": []}",RULE_OF_40,B,753.3997206390914,-0.8586492081352549,fair_or_rich,36.32293667130486,11.884396301258239,48.207332972563094,True,24.19,31.145089732909934,64,HOLD,Data N/A,4656.59,52.675,buy,"{""buffett_v1"": [], ""buffett_v2"": [], ""buffett3"": [], ""imfs"": [""quality score only; no intrinsic value produced"", ""rule_of_40_bridge_applied""], ""quant"": [], ""hybrid"": [""cv_rmse_mean=0.18025""]}"
1303,南亞塑膠工業股份有限公司,塑膠工業,686016102400,85.3,33.10794429631632,-157.6420910841351,高估,33.10794429631632,-157.6420910841351,高估,23.8098,-72.087,避開,cyclical,"{""data_quality_flags"": [], ""manual_review_flags"": [""cyclical_ev_ebitda_not_ready_without_clean_ebitda"", ""cyclical_model_uses_partial_leg_set""]}",EPV,A,5.697515339519661,-0.9341327706413911,fair_or_rich,,,,,,,22,SELL / AVOID,Data N/A,89.32,0.362,hold,"{""buffett_v1"": [], ""buffett_v2"": [], ""buffett3"": [""valuation_weights_reallocated_over_ready_legs""], ""imfs"": [], ""quant"": [], ""hybrid"": [""cv_rmse_mean=0.08474""]}"
2368,金像電子(股)公司,28,674971648000,1430.0,27.769678909704165,-5049.501384764963,高估,20.602136481688472,-6841.027700068915,高估,178.9469,-87.4862,避開,high_quality_compounder,"{""data_quality_flags"": [], ""manual_review_flags"": []}",EPV,A,192.13868982497266,-0.8576750445740943,fair_or_rich,,,,,,,61,HOLD,Data N/A,1381.5,20.13,buy,"{""buffett_v1"": [], ""buffett_v2"": [], ""buffett3"": [], ""imfs"": [], ""quant"": [], ""hybrid"": [""cv_rmse_mean=0.16226""]}"
2887,台新新光金融控股股份有限公司,金融保險,575654330368,23.1,10.943723597365949,-111.07989245598229,高估,10.943723597365949,-111.07989245598229,高估,13.0586,-43.4694,避開,financial,"{""data_quality_flags"": [""current_ratio_missing""], ""manual_review_flags"": []}",ROE_PB,C,18.147317708277253,-0.21609858711545338,fair_or_rich,,,,,,,35,SELL / AVOID,Data N/A,,,runtime_error,"{""buffett_v1"": [], ""buffett_v2"": [], ""buffett3"": [""current_ratio_missing""], ""imfs"": [], ""quant"": [], ""hybrid"": [""tw hybrid training failed: Input contains infinity or a value too large for dtype('float64').""]}"
8046,南亞電路板股份有限公司,28,568625659904,847.0,96.36167850549293,-778.980122738022,高估,58.19835290002878,-1355.3676483850818,高估,51.1245,-93.9641,避開,high_quality_compounder,"{""data_quality_flags"": [], ""manual_review_flags"": []}",EPV,A,30.128117938307653,-0.9657635023428321,fair_or_rich,,,,,,,47,HOLD,Data N/A,849.12,31.443,buy,"{""buffett_v1"": [], ""buffett_v2"": [], ""buffett3"": [], ""imfs"": [], ""quant"": [], ""hybrid"": [""cv_rmse_mean=0.17532""]}"
2344,華邦電子股份有限公司,其他電子業,549000019968,134.0,16.25076698525625,-724.5764653543645,高估,16.25076698525625,-724.5764653543645,高估,3.7469,-97.2038,避開,high_quality_compounder,"{""data_quality_flags"": [], ""manual_review_flags"": []}",RULE_OF_40,B,2.366789017432258,-0.9806000900210471,fair_or_rich,9.553271858339318,1.0,10.553271858339318,False,12.0,0.19723241811935485,51,HOLD,Data N/A,113.26,21.13,buy,"{""buffett_v1"": [], ""buffett_v2"": [], ""buffett3"": [], ""imfs"": [""quality score only; no intrinsic value produced"", ""rule_of_40_bridge_applied""], ""quant"": [], ""hybrid"": [""cv_rmse_mean=0.15459""]}"
3653,健策精密工業股份有限公司,28,517966790656,3365.0,147.0754073081026,-2187.941989479445,高估,167.6663818478768,-1906.9616597637648,高估,461.9852,-86.2709,避開,high_quality_compounder,"{""data_quality_flags"": [], ""manual_review_flags"": []}",EPV,A,364.26887658469695,-0.8968076836870547,fair_or_rich,,,,,,,47,HOLD,Data N/A,3871.96,-3.201,hold,"{""buffett_v1"": [], ""buffett_v2"": [], ""buffett3"": [], ""imfs"": [], ""quant"": [], ""hybrid"": [""cv_rmse_mean=0.15384""]}"
2059,川湖科技股份有限公司,28,500309262336,5010.0,283.53443363881917,-1666.9811513553227,高估,488.70507930662916,-925.1581602360565,高估,1244.9012,-75.1517,避開,high_quality_compounder,"{""data_quality_flags"": [], ""manual_review_flags"": []}",EPV,A,1032.253586156962,-0.8033802693034358,fair_or_rich,,,,,,,54,HOLD,Data N/A,4401.74,27.772,buy,"{""buffett_v1"": [], ""buffett_v2"": [], ""buffett3"": [], ""imfs"": [], ""quant"": [], ""hybrid"": [""cv_rmse_mean=0.11553""]}"
2357,華碩電腦股份有限公司,文化創意,492450054144,679.0,200.15385852350644,-239.2390259217796,高估,200.15385852350644,-239.2390259217796,高估,779.7749,14.8417,觀察買進,high_quality_compounder,"{""data_quality_flags"": [], ""manual_review_flags"": []}",EPV,A,599.8950832427388,-0.09518086992045431,fair_or_rich,,,,,,,55,HOLD,Data N/A,625.38,7.824,buy,"{""buffett_v1"": [], ""buffett_v2"": [], ""buffett3"": [], ""imfs"": [], ""quant"": [], ""hybrid"": [""cv_rmse_mean=0.08443""]}"
3665,貿聯控股(BizLink Holding Inc.),電腦周邊,487400013824,2250.0,98.20691890551443,-2191.080939179795,高估,143.85424829762837,-1464.083109554641,高估,465.7189,-79.3014,避開,high_quality_compounder,"{""data_quality_flags"": [], ""manual_review_flags"": []}",EPV,A,461.9083914649159,-0.8152366434140337,fair_or_rich,,,,,,,37,TRIM / REDUCE,Data N/A,,,runtime_error,"{""buffett_v1"": [], ""buffett_v2"": [], ""buffett3"": [], ""imfs"": [], ""quant"": [], ""hybrid"": [""tw hybrid training failed: Input contains infinity or a value too large for dtype('float64').""]}"
2301,光寶科技股份有限公司,文化創意,480056770560,207.0,44.24057242563046,-367.896296658395,高估,33.870067323415,-511.1591040650135,高估,99.7381,-51.8174,避開,high_quality_compounder,"{""data_quality_flags"": [], ""manual_review_flags"": []}",EPV,A,66.59670662956455,-0.685121954470144,fair_or_rich,,,,,,,61,HOLD,Data N/A,202.44,28.532,buy,"{""buffett_v1"": [], ""buffett_v2"": [], ""buffett3"": [], ""imfs"": [], ""quant"": [], ""hybrid"": [""cv_rmse_mean=0.09153""]}"
4958,臻鼎科技控股股份有限公司,28,473363742720,436.5,87.32262519530953,-399.8704505547164,高估,71.77640715546544,-508.1385476073701,高估,105.1763,-75.9046,避開,high_quality_compounder,"{""data_quality_flags"": [], ""manual_review_flags"": []}",EPV,A,63.45432984999173,-0.8566003845197927,fair_or_rich,,,,,,,47,HOLD,Data N/A,,,runtime_error,"{""buffett_v1"": [], ""buffett_v2"": [], ""buffett3"": [], ""imfs"": [], ""quant"": [], ""hybrid"": [""tw hybrid training failed: Input contains infinity or a value too large for dtype('float64').""]}"
2603,長榮海運股份有限公司,航運業,454659014656,211.5,1282.0242203330317,83.50265177166008,低估,822.4679139311827,74.28471112154577,低估,209.119,-1.1258,持有,cyclical,"{""data_quality_flags"": [], ""manual_review_flags"": [""cyclical_ev_ebitda_not_ready_without_clean_ebitda"", ""cyclical_model_uses_partial_leg_set""]}",NORMALIZED_PE,D,475.14455140151955,1.2625931019119978,deep_discount,,,,,,,62,HOLD,Data N/A,211.55,5.25,buy,"{""buffett_v1"": [], ""buffett_v2"": [], ""buffett3"": [""valuation_weights_reallocated_over_ready_legs""], ""imfs"": [], ""quant"": [], ""hybrid"": [""cv_rmse_mean=0.18485""]}"
3231,緯創資通股份有限公司,文化創意,446847877120,138.0,23.69710429429752,-482.34963346643315,高估,23.69710429429752,-482.34963346643315,高估,83.8754,-39.2207,避開,high_quality_compounder,"{""data_quality_flags"": [], ""manual_review_flags"": []}",EPV,A,86.1778191001669,-0.38663473950059146,fair_or_rich,,,,,,,44,TRIM / REDUCE,Data N/A,136.62,0.085,hold,"{""buffett_v1"": [], ""buffett_v2"": [], ""buffett3"": [], ""imfs"": [], ""quant"": [], ""hybrid"": [""cv_rmse_mean=0.12508""]}"
1216,統一企業股份有限公司,食品工業,427287543808,74.8,16.427241578196323,-355.34120651930465,高估,37.357986114264435,-100.22492585979907,高估,64.3851,-13.9237,減碼,defensive_dividend,"{""data_quality_flags"": [], ""manual_review_flags"": []}",EPV,A,34.54336885770277,-0.5406466907220377,fair_or_rich,,,,,,,33,TRIM / REDUCE,Data N/A,,,runtime_error,"{""buffett_v1"": [], ""buffett_v2"": [], ""buffett3"": [], ""imfs"": [], ""quant"": [], ""hybrid"": [""tw hybrid training failed: Input contains infinity or a value too large for dtype('float64').""]}"
2395,研華股份有限公司,文化創意,403303989248,465.0,106.16281254968251,-338.00648158448837,高估,97.20174182630646,-378.38648903115995,高估,222.7295,-52.1012,避開,high_quality_compounder,"{""data_quality_flags"": [], ""manual_review_flags"": []}",EPV,A,122.33935068084959,-0.7366214194169008,fair_or_rich,,,,,,,64,HOLD,Data N/A,457.82,33.087,buy,"{""buffett_v1"": [], ""buffett_v2"": [], ""buffett3"": [], ""imfs"": [], ""quant"": [], ""hybrid"": [""cv_rmse_mean=0.06927""]}"
3661,世芯電子股份有限公司,其他電子業,389732532224,4830.0,411.73740967632443,-1073.0777642471123,高估,2033.4620754378388,-137.52594446395165,高估,1227.8138,-74.5794,避開,high_quality_compounder,"{""data_quality_flags"": [], ""manual_review_flags"": []}",RULE_OF_40,B,846.1886752835183,-0.8229730804846197,fair_or_rich,-20.0,18.102319555927078,-1.8976804440729218,False,12.0,70.51572294029319,58,HOLD,Data N/A,4034.34,26.073,buy,"{""buffett_v1"": [], ""buffett_v2"": [], ""buffett3"": [], ""imfs"": [""quality score only; no intrinsic value produced"", ""rule_of_40_bridge_applied""], ""quant"": [], ""hybrid"": [""cv_rmse_mean=0.20906""]}"
2449,京元電子股份有限公司,其他電子業,372937228288,296.0,24.12996198087867,-1126.6907019354594,高估,20.66087745196259,-1332.6593857797784,高估,78.2636,-73.5596,避開,high_quality_compounder,"{""data_quality_flags"": [], ""manual_review_flags"": []}",RULE_OF_40,B,327.07980211787356,0.07239279382909362,fair_or_rich,30.0770988833011,31.53299982773006,61.610098711031156,True,30.22,10.823289282523943,39,TRIM / REDUCE,Data N/A,,,runtime_error,"{""buffett_v1"": [], ""buffett_v2"": [], ""buffett3"": [], ""imfs"": [""quality score only; no intrinsic value produced"", ""rule_of_40_bridge_applied""], ""quant"": [], ""hybrid"": [""tw hybrid training failed: Input contains infinity or a value too large for dtype('float64').""]}"
3008,大立光電股份有限公司,農業科技,372774862848,3135.0,1158.4621527410447,-170.6173863843766,高估,813.5011388497618,-285.3713105346955,高估,2455.6074,-21.6712,避開,high_quality_compounder,"{""data_quality_flags"": [], ""manual_review_flags"": []}",EPV,A,1603.8850592389551,-0.43723331254773506,fair_or_rich,,,,,,,59,HOLD,Data N/A,2815.02,5.431,buy,"{""buffett_v1"": [], ""buffett_v2"": [], ""buffett3"": [], ""imfs"": [], ""quant"": [], ""hybrid"": [""cv_rmse_mean=0.11791""]}"
3036,文曄科技股份有限公司,29,360438104064,271.5,70.63218582869817,-284.3856689618238,高估,216.502984220286,-25.40242850590733,高估,217.9356,-19.729,減碼,high_quality_compounder,"{""data_quality_flags"": [], ""manual_review_flags"": []}",EPV,A,81.56587325102291,-0.7127962209471025,fair_or_rich,,,,,,,59,HOLD,Data N/A,,,runtime_error,"{""buffett_v1"": [], ""buffett_v2"": [], ""buffett3"": [], ""imfs"": [], ""quant"": [], ""hybrid"": [""tw hybrid training failed: Input contains infinity or a value too large for dtype('float64').""]}"
6515,穎崴科技股份有限公司,其他電子業,355875651584,10540.0,181.23497141907583,-5715.654626406511,高估,370.20341747538606,-2747.0833877974073,高估,619.3595,-94.1237,避開,high_quality_compounder,"{""data_quality_flags"": [], ""manual_review_flags"": []}",RULE_OF_40,B,1618.6736430453684,-0.8360836817169248,fair_or_rich,35.51308912442981,21.291000243217063,56.804089367646874,True,28.06,57.686159766406575,47,HOLD,Data N/A,10122.04,19.505,buy,"{""buffett_v1"": [], ""buffett_v2"": [], ""buffett3"": [], ""imfs"": [""quality score only; no intrinsic value produced"", ""rule_of_40_bridge_applied""], ""quant"": [], ""hybrid"": [""cv_rmse_mean=0.21994""]}"
4904,遠傳電信股份有限公司,電子商務,349586620416,98.1,19.311133745358013,-407.997103088684,高估,40.659822827535336,-141.27011181555238,高估,71.8264,-26.7825,避開,defensive_dividend,"{""data_quality_flags"": [], ""manual_review_flags"": []}",RULE_OF_40,B,46.66498225942168,-0.5184212357128826,fair_or_rich,5.470640732691745,12.44455387389984,17.915194606591584,False,12.0,3.8887485216184734,37,TRIM / REDUCE,Data N/A,95.66,1.438,hold,"{""buffett_v1"": [], ""buffett_v2"": [], ""buffett3"": [], ""imfs"": [""quality score only; no intrinsic value produced"", ""rule_of_40_bridge_applied""], ""quant"": [], ""hybrid"": [""cv_rmse_mean=0.04374""]}"
2337,旺宏電子股份有限公司,其他電子業,324093181952,169.0,19.864806828522585,-750.7507848369504,高估,19.864806828522585,-750.7507848369504,高估,12.2537,-92.7493,避開,cyclical,"{""data_quality_flags"": [], ""manual_review_flags"": [""cyclical_ev_ebitda_not_ready_without_clean_ebitda"", ""cyclical_model_uses_partial_leg_set""]}",RULE_OF_40,B,1.9214367894741398,-0.9885628762531301,fair_or_rich,11.57692697754069,1.0,12.57692697754069,False,12.0,0.1601197324561783,41,TRIM / REDUCE,Data N/A,173.62,11.653,buy,"{""buffett_v1"": [], ""buffett_v2"": [], ""buffett3"": [""valuation_weights_reallocated_over_ready_legs""], ""imfs"": [""quality score only; no intrinsic value produced"", ""rule_of_40_bridge_applied""], ""quant"": [], ""hybrid"": [""cv_rmse_mean=0.24887""]}"
3481,群創光電股份有限公司,農業科技,299289477120,35.4,22.226697594556477,-59.267924753112155,高估,22.226697594556477,-59.267924753112155,高估,13.7653,-61.1151,避開,cyclical,"{""data_quality_flags"": [], ""manual_review_flags"": [""cyclical_ev_ebitda_not_ready_without_clean_ebitda"", ""cyclical_model_uses_partial_leg_set""]}",EPV,A,0.3129461817368255,-0.991654768487018,fair_or_rich,,,,,,,32,SELL / AVOID,Data N/A,32.27,18.426,buy,"{""buffett_v1"": [], ""buffett_v2"": [], ""buffett3"": [""valuation_weights_reallocated_over_ready_legs""], ""imfs"": [], ""quant"": [], ""hybrid"": [""cv_rmse_mean=0.15006""]}"
1301,台灣塑膠工業股份有限公司,塑膠工業,298553278464,46.1,39.33232660581069,-17.20638970080529,高估,39.33232660581069,-17.20638970080529,高估,28.3229,-38.562,避開,cyclical,"{""data_quality_flags"": [], ""manual_review_flags"": [""cyclical_ev_ebitda_not_ready_without_clean_ebitda"", ""cyclical_model_uses_partial_leg_set""]}",EPV,A,,,warning,,,,,,,34,SELL / AVOID,Data N/A,48.97,-9.82,avoid,"{""buffett_v1"": [], ""buffett_v2"": [], ""buffett3"": [""valuation_weights_reallocated_over_ready_legs""], ""imfs"": [""missing or non-positive normalized earnings""], ""quant"": [], ""hybrid"": [""cv_rmse_mean=0.06619""]}"
3034,聯詠科技股份有限公司,其他電子業,296040824832,493.0,417.45358996744676,-18.09696020064036,高估,223.9737896245124,-120.11504150843038,高估,555.8575,12.75,觀察買進,high_quality_compounder,"{""data_quality_flags"": [], ""manual_review_flags"": []}",RULE_OF_40,B,354.69090754395756,-0.27093338634335545,fair_or_rich,-2.0669846157058136,17.2608692559208,15.193884640214986,False,12.0,29.55757562866313,63,HOLD,Data N/A,439.89,10.387,buy,"{""buffett_v1"": [], ""buffett_v2"": [], ""buffett3"": [], ""imfs"": [""quality score only; no intrinsic value produced"", ""rule_of_40_bridge_applied""], ""quant"": [], ""hybrid"": [""cv_rmse_mean=0.10581""]}"
3533,嘉澤端子工業股份有限公司,28,290467905536,2450.0,142.35582201134292,-1621.0395510236203,高估,224.67248892755055,-990.4761912305355,高估,1147.1524,-53.1775,避開,high_quality_compounder,"{""data_quality_flags"": [], ""manual_review_flags"": []}",EPV,A,702.7373911935058,-0.7291956103300555,fair_or_rich,,,,,,,32,TRIM / REDUCE,Data N/A,2667.24,19.876,buy,"{""buffett_v1"": [], ""buffett_v2"": [], ""buffett3"": [], ""imfs"": [], ""quant"": [], ""hybrid"": [""cv_rmse_mean=0.12539""]}"
2379,瑞昱半導體股份有限公司,其他電子業,284562620416,574.0,165.81209121352032,-246.1749959240584,高估,284.60399839145634,-101.68374416528619,高估,558.1804,-2.756,持有,high_quality_compounder,"{""data_quality_flags"": [], ""manual_review_flags"": []}",RULE_OF_40,B,373.74879518849406,-0.3229188492962064,fair_or_rich,8.212690973355507,12.023213431817542,20.23590440517305,False,12.0,31.145732932374504,53,HOLD,Data N/A,546.73,4.337,hold,"{""buffett_v1"": [], ""buffett_v2"": [], ""buffett3"": [], ""imfs"": [""quality score only; no intrinsic value produced"", ""rule_of_40_bridge_applied""], ""quant"": [], ""hybrid"": [""cv_rmse_mean=0.10821""]}"
1519,華城電機股份有限公司,電機機械,282713489408,870.0,38.84944132309201,-2139.4144429636217,高估,75.47101591127071,-1052.7604200039339,高估,233.0892,-73.2081,避開,high_quality_compounder,"{""data_quality_flags"": [], ""manual_review_flags"": []}",EPV,A,139.90825659029824,-0.8436779255974322,fair_or_rich,,,,,,,32,TRIM / REDUCE,Data N/A,890.33,7.269,buy,"{""buffett_v1"": [], ""buffett_v2"": [], ""buffett3"": [], ""imfs"": [], ""quant"": [], ""hybrid"": [""cv_rmse_mean=0.15145""]}"
2313,華通電腦股份有限公司,28,282461470720,245.5,39.6156268921549,-519.7049479194698,高估,27.06301586202756,-807.1420615189602,高估,73.6906,-69.9834,避開,high_quality_compounder,"{""data_quality_flags"": [], ""manual_review_flags"": []}",EPV,A,55.099467151348115,-0.7675127968297548,fair_or_rich,,,,,,,38,TRIM / REDUCE,Data N/A,255.11,-0.928,hold,"{""buffett_v1"": [], ""buffett_v2"": [], ""buffett3"": [], ""imfs"": [], ""quant"": [], ""hybrid"": [""cv_rmse_mean=0.14276""]}"
2002,中國鋼鐵股份有限公司,鋼鐵工業,281152094208,18.3,14.491166351840455,-26.283830822739834,高估,14.491166351840455,-26.283830822739834,高估,9.2295,-49.5656,避開,cyclical,"{""data_quality_flags"": [], ""manual_review_flags"": [""cyclical_ev_ebitda_not_ready_without_clean_ebitda"", ""cyclical_model_uses_partial_leg_set""]}",NORMALIZED_PE,D,,,warning,,,,,,,24,SELL / AVOID,Data N/A,18.49,-9.802,avoid,"{""buffett_v1"": [], ""buffett_v2"": [], ""buffett3"": [""valuation_weights_reallocated_over_ready_legs""], ""imfs"": [""missing or non-positive normalized EPS""], ""quant"": [], ""hybrid"": [""cv_rmse_mean=0.07502""]}"
3044,健鼎科技股份有限公司,28,278045589504,512.0,91.64027845302749,-458.70629011940247,高估,108.75219568426306,-370.7950922540213,高估,304.747,-40.4791,避開,high_quality_compounder,"{""data_quality_flags"": [], ""manual_review_flags"": []}",EPV,A,194.53082727366126,-0.6322668671575401,fair_or_rich,,,,,,,49,HOLD,Data N/A,481.48,26.207,buy,"{""buffett_v1"": [], ""buffett_v2"": [], ""buffett3"": [], ""imfs"": [], ""quant"": [], ""hybrid"": [""cv_rmse_mean=0.10428""]}"
1326,台灣化學纖維股份有限公司,塑膠工業,269639647232,44.95,39.03027508869743,-15.167007913343749,高估,39.03027508869743,-15.167007913343749,高估,29.3521,-34.7004,避開,cyclical,"{""data_quality_flags"": [], ""manual_review_flags"": [""cyclical_ev_ebitda_not_ready_without_clean_ebitda"", ""cyclical_model_uses_partial_leg_set""]}",EPV,A,,,warning,,,,,,,29,TRIM / REDUCE,Data N/A,49.08,-10.117,avoid,"{""buffett_v1"": [], ""buffett_v2"": [], ""buffett3"": [""valuation_weights_reallocated_over_ready_legs""], ""imfs"": [""missing or non-positive normalized earnings""], ""quant"": [], ""hybrid"": [""cv_rmse_mean=0.07171""]}"
2207,和泰汽車股份有限公司,汽車工業,263788167168,468.5,61.610300302735084,-660.4247953636443,高估,192.1288175177138,-143.84681384759236,高估,460.4844,-1.7109,持有,high_quality_compounder,"{""data_quality_flags"": [], ""manual_review_flags"": []}",EPV,A,339.2633116480943,-0.283498813837182,fair_or_rich,,,,,,,40,TRIM / REDUCE,Data N/A,,,runtime_error,"{""buffett_v1"": [], ""buffett_v2"": [], ""buffett3"": [], ""imfs"": [], ""quant"": [], ""hybrid"": [""tw hybrid training failed: Input contains infinity or a value too large for dtype('float64').""]}"
3189,景碩科技股份有限公司,其他電子業,262140706816,522.0,51.2987880311447,-917.5678998168173,高估,51.2987880311447,-917.5678998168173,高估,15.9372,-96.9469,避開,high_quality_compounder,"{""data_quality_flags"": [], ""manual_review_flags"": []}",RULE_OF_40,B,60.80954510501149,-0.8777697585828915,fair_or_rich,28.872189497821488,4.3338540684453974,33.206043566266885,False,14.94,4.0702506763729245,39,TRIM / REDUCE,Data N/A,483.22,30.248,buy,"{""buffett_v1"": [], ""buffett_v2"": [], ""buffett3"": [], ""imfs"": [""quality score only; no intrinsic value produced"", ""rule_of_40_bridge_applied""], ""quant"": [], ""hybrid"": [""cv_rmse_mean=0.1457""]}"
6770,力晶積成電子製造股份有限公司,其他電子業,258175664128,62.2,17.13514762016234,-262.9965809387682,高估,16.675988570939868,-272.9913806033172,高估,9.6364,-84.5073,避開,cyclical,"{""data_quality_flags"": [], ""manual_review_flags"": [""cyclical_ev_ebitda_not_ready_without_clean_ebitda"", ""cyclical_model_uses_partial_leg_set""]}",RULE_OF_40,B,1.3633425224641211,-0.9774654128518326,fair_or_rich,4.481545401962306,1.0,5.481545401962306,False,12.0,0.11361187687201009,36,TRIM / REDUCE,Data N/A,60.12,10.102,buy,"{""buffett_v1"": [], ""buffett_v2"": [], ""buffett3"": [""valuation_weights_reallocated_over_ready_legs""], ""imfs"": [""quality score only; no intrinsic value produced"", ""rule_of_40_bridge_applied""], ""quant"": [], ""hybrid"": [""cv_rmse_mean=0.16251""]}"
2376,技嘉科技股份有限公司,文化創意,210010161152,327.0,39.612708849118725,-725.4926499611875,高估,39.612708849118725,-725.4926499611875,高估,186.461,-42.9783,避開,high_quality_compounder,"{""data_quality_flags"": [], ""manual_review_flags"": []}",EPV,A,181.9685959083071,-0.4195579077884941,fair_or_rich,,,,,,,54,HOLD,Data N/A,307.69,16.771,buy,"{""buffett_v1"": [], ""buffett_v2"": [], ""buffett3"": [], ""imfs"": [], ""quant"": [], ""hybrid"": [""cv_rmse_mean=0.14347""]}"
1802,台灣玻璃工業股份有限公司,玻璃陶瓷,197748146176,66.9,11.659563468579234,-473.7779135581312,高估,11.659563468579234,-473.7779135581312,高估,8.125,-87.855,避開,cyclical,"{""data_quality_flags"": [], ""manual_review_flags"": [""cyclical_ev_ebitda_not_ready_without_clean_ebitda"", ""cyclical_model_uses_partial_leg_set""]}",EPV,A,,,warning,,,,,,,34,SELL / AVOID,Data N/A,67.15,-1.546,hold,"{""buffett_v1"": [], ""buffett_v2"": [], ""buffett3"": [""valuation_weights_reallocated_over_ready_legs""], ""imfs"": [""missing or non-positive normalized earnings""], ""quant"": [], ""hybrid"": [""cv_rmse_mean=0.14128""]}"
2404,漢唐集成股份有限公司,電腦周邊,193608876032,1050.0,128.87667758931514,-714.7323624728924,高估,706.1986514361733,-48.683376535008804,高估,975.3057,-7.1137,減碼,high_quality_compounder,"{""data_quality_flags"": [], ""manual_review_flags"": []}",EPV,A,480.14989938412816,-0.5315610737715822,fair_or_rich,,,,,,,50,HOLD,Data N/A,1009.34,10.31,buy,"{""buffett_v1"": [], ""buffett_v2"": [], ""buffett3"": [], ""imfs"": [], ""quant"": [], ""hybrid"": [""cv_rmse_mean=0.12431""]}"
8210,勤誠興業股份有限公司,文化創意,190485102592,1460.0,59.74390488412398,-2343.7639334618925,高估,110.4456043850389,-1221.9177061226471,高估,327.5635,-77.5641,避開,high_quality_compounder,"{""data_quality_flags"": [], ""manual_review_flags"": []}",EPV,A,283.94256692429104,-0.8131956796550717,fair_or_rich,,,,,,,42,TRIM / REDUCE,Data N/A,1312.09,36.533,buy,"{""buffett_v1"": [], ""buffett_v2"": [], ""buffett3"": [], ""imfs"": [], ""quant"": [], ""hybrid"": [""cv_rmse_mean=0.14748""]}"
1101,臺灣水泥股份有限公司,水泥工業,190021599232,24.55,21.325846601778306,-15.118524757431395,高估,21.325846601778306,-15.118524757431395,高估,14.9153,-39.2453,避開,cyclical,"{""data_quality_flags"": [], ""manual_review_flags"": [""cyclical_ev_ebitda_not_ready_without_clean_ebitda"", ""cyclical_model_uses_partial_leg_set""]}",EPV,A,,,warning,,,,,,,23,SELL / AVOID,Data N/A,,,runtime_error,"{""buffett_v1"": [], ""buffett_v2"": [], ""buffett3"": [""valuation_weights_reallocated_over_ready_legs""], ""imfs"": [""missing or non-positive normalized earnings""], ""quant"": [], ""hybrid"": [""tw hybrid training failed: Input contains infinity or a value too large for dtype('float64').""]}"
6789,采鈺科技股份有限公司,其他電子業,185568378880,573.0,37.470172469527846,-1429.216339919399,高估,74.21673266577929,-672.063090651531,高估,76.317,-86.6811,避開,high_quality_compounder,"{""data_quality_flags"": [], ""manual_review_flags"": []}",RULE_OF_40,B,52.739382315563596,-0.9095379377091534,fair_or_rich,-10.636853916497724,15.84522279066427,5.2083688741665455,False,12.0,4.394948526296966,33,SELL / AVOID,Data N/A,573.8,40.983,buy,"{""buffett_v1"": [], ""buffett_v2"": [], ""buffett3"": [], ""imfs"": [""quality score only; no intrinsic value produced"", ""rule_of_40_bridge_applied""], ""quant"": [], ""hybrid"": [""cv_rmse_mean=0.18134""]}"
6415,矽力杰股份有限公司,其他電子業,181420376064,503.0,56.437516511164695,-791.2511235332166,高估,56.437516511164695,-791.2511235332166,高估,64.3584,-87.2051,避開,high_quality_compounder,"{""data_quality_flags"": [], ""manual_review_flags"": []}",RULE_OF_40,B,77.1736950499472,-0.834922577433268,fair_or_rich,1.9360117155130085,13.171785126993827,15.107796842506836,False,12.0,6.431141254162267,47,HOLD,Data N/A,395.32,46.685,buy,"{""buffett_v1"": [], ""buffett_v2"": [], ""buffett3"": [], ""imfs"": [""quality score only; no intrinsic value produced"", ""rule_of_40_bridge_applied""], ""quant"": [], ""hybrid"": [""cv_rmse_mean=0.17069""]}"
6239,力成科技股份有限公司,其他電子業,171400904704,229.0,99.63933736586965,-129.8289069899429,高估,79.02155604250976,-189.7943440607638,高估,128.0528,-44.0818,避開,high_quality_compounder,"{""data_quality_flags"": [], ""manual_review_flags"": []}",RULE_OF_40,B,86.70960979196273,-0.6262516819311951,fair_or_rich,2.2018373801108826,7.66288594757815,9.864723327689033,False,12.0,7.2258008159968945,44,TRIM / REDUCE,Data N/A,240.19,10.433,buy,"{""buffett_v1"": [], ""buffett_v2"": [], ""buffett3"": [], ""imfs"": [""quality score only; no intrinsic value produced"", ""rule_of_40_bridge_applied""], ""quant"": [], ""hybrid"": [""cv_rmse_mean=0.10531""]}"
6531,愛普科技股份有限公司,其他電子業,169216327680,1050.0,79.41861952557306,-1222.1080979151197,高估,121.65895720363656,-763.0683873465043,高估,176.1991,-83.2191,避開,high_quality_compounder,"{""data_quality_flags"": [], ""manual_review_flags"": []}",RULE_OF_40,B,211.68430151831598,-0.7964574023862346,fair_or_rich,35.16190572510398,19.525786318507286,54.687692043611264,True,27.11,7.808347529262854,54,HOLD,Data N/A,,,runtime_error,"{""buffett_v1"": [], ""buffett_v2"": [], ""buffett3"": [], ""imfs"": [""quality score only; no intrinsic value produced"", ""rule_of_40_bridge_applied""], ""quant"": [], ""hybrid"": [""tw hybrid training failed: [16:22:44] C:\\actions-runner\\_work\\xgboost\\xgboost\\src\\data\\data.cc:568: Check failed: valid: Label contains NaN, infinity or a value too large.""]}"
6139,亞翔工程股份有限公司,電腦周邊,161436385280,720.0,65.56554860681813,-998.1376886170485,高估,346.0436454174886,-108.06623948587387,高估,591.4468,-17.8546,減碼,high_quality_compounder,"{""data_quality_flags"": [], ""manual_review_flags"": []}",EPV,A,303.6149237241321,-0.5574126476324605,fair_or_rich,,,,,,,44,TRIM / REDUCE,Data N/A,689.91,8.647,buy,"{""buffett_v1"": [], ""buffett_v2"": [], ""buffett3"": [], ""imfs"": [], ""quant"": [], ""hybrid"": [""cv_rmse_mean=0.17032""]}"
2409,友達光電股份有限公司,農業科技,152451416064,19.55,16.94830421357422,-15.350773467601739,高估,16.94830421357422,-15.350773467601739,高估,9.706,-50.3531,避開,cyclical,"{""data_quality_flags"": [], ""manual_review_flags"": [""cyclical_ev_ebitda_not_ready_without_clean_ebitda"", ""cyclical_model_uses_partial_leg_set""]}",EPV,A,9.067538434819932,-0.5511119586722806,fair_or_rich,,,,,,,23,SELL / AVOID,Data N/A,19.66,-0.703,hold,"{""buffett_v1"": [], ""buffett_v2"": [], ""buffett3"": [""valuation_weights_reallocated_over_ready_legs""], ""imfs"": [], ""quant"": [], ""hybrid"": [""cv_rmse_mean=0.1234""]}"
1402,遠東新世紀股份有限公司,紡織纖維,143168569344,26.75,27.338495385732994,2.1526253637210377,高估,36.01338658668074,25.722064667216628,合理價位,41.9579,56.8521,買進,high_quality_compounder,"{""data_quality_flags"": [], ""manual_review_flags"": []}",EPV,A,14.630787639085696,-0.453054667697731,fair_or_rich,,,,,,,22,SELL / AVOID,Data N/A,26.62,0.824,hold,"{""buffett_v1"": [], ""buffett_v2"": [], ""buffett3"": [], ""imfs"": [], ""quant"": [], ""hybrid"": [""cv_rmse_mean=0.06078""]}"
2451,創見資訊股份有限公司,其他電子業,141057884160,344.5,31.896031808922718,-980.0716592702552,高估,31.896031808922718,-980.0716592702552,高估,127.027,-63.1271,避開,high_quality_compounder,"{""data_quality_flags"": [], ""manual_review_flags"": []}",RULE_OF_40,B,335.14246196321204,0.024900495300342638,fair_or_rich,45.0,29.001301023414623,74.00130102341463,True,30.5,10.988277441416788,54,HOLD,Data N/A,323.67,29.729,buy,"{""buffett_v1"": [], ""buffett_v2"": [], ""buffett3"": [], ""imfs"": [""quality score only; no intrinsic value produced"", ""rule_of_40_bridge_applied""], ""quant"": [], ""hybrid"": [""cv_rmse_mean=0.08653""]}"
6442,光紅建聖股份有限公司,電子商務,140561285120,1855.0,53.249745262343566,-3383.5847399100962,高估,230.24938471169975,-705.6481898193499,高估,276.0668,-85.1177,避開,high_quality_compounder,"{""data_quality_flags"": [], ""manual_review_flags"": []}",RULE_OF_40,B,981.7913059783688,-0.4560712986269425,fair_or_rich,45.0,16.90153541858649,61.90153541858649,True,30.36,32.33831706121109,33,TRIM / REDUCE,Data N/A,,,runtime_error,"{""buffett_v1"": [], ""buffett_v2"": [], ""buffett3"": [], ""imfs"": [""quality score only; no intrinsic value produced"", ""rule_of_40_bridge_applied""], ""quant"": [], ""hybrid"": [""tw hybrid training failed: Input contains infinity or a value too large for dtype('float64').""]}"
6285,啟碁科技股份有限公司,電子商務,130831032320,262.0,55.466889924332214,-372.35386796955754,高估,128.330851831624,-104.15979186653894,高估,139.9286,-46.5921,避開,high_quality_compounder,"{""data_quality_flags"": [], ""manual_review_flags"": []}",RULE_OF_40,B,83.67381561745833,-0.6906698128744608,fair_or_rich,0.03385158372903874,3.081281449690295,3.1151330334193337,False,12.0,6.972817968121528,37,TRIM / REDUCE,Data N/A,265.52,18.538,buy,"{""buffett_v1"": [], ""buffett_v2"": [], ""buffett3"": [], ""imfs"": [""quality score only; no intrinsic value produced"", ""rule_of_40_bridge_applied""], ""quant"": [], ""hybrid"": [""cv_rmse_mean=0.10721""]}"
2049,上銀科技股份有限公司,電機機械,128957276160,374.5,68.75771922485528,-444.6661178147714,高估,68.75771922485528,-444.6661178147714,高估,63.3448,-83.0855,避開,high_quality_compounder,"{""data_quality_flags"": [], ""manual_review_flags"": []}",EPV,A,43.12887133985754,-0.8816766218385252,fair_or_rich,,,,,,,39,TRIM / REDUCE,Data N/A,317.41,15.423,buy,"{""buffett_v1"": [], ""buffett_v2"": [], ""buffett3"": [], ""imfs"": [], ""quant"": [], ""hybrid"": [""cv_rmse_mean=0.13439""]}"
6805,富世達股份有限公司,28,125453819904,1780.0,31.6088389629958,-5531.3362287170075,高估,27.626946107784438,-6342.985022866678,高估,347.869,-80.4568,避開,high_quality_compounder,"{""data_quality_flags"": [], ""manual_review_flags"": []}",EPV,A,310.0183796714998,-0.8305910493598362,fair_or_rich,,,,,,,39,TRIM / REDUCE,Data N/A,1769.37,2.275,hold,"{""buffett_v1"": [], ""buffett_v2"": [], ""buffett3"": [], ""imfs"": [], ""quant"": [], ""hybrid"": [""cv_rmse_mean=0.28168""]}"
1102,亞洲水泥股份有限公司,水泥工業,125193674752,35.2,31.746779094217366,-10.877389783493458,高估,36.08968179989914,2.4651971298389865,高估,31.9622,-9.1984,減碼,cyclical,"{""data_quality_flags"": [], ""manual_review_flags"": [""cyclical_ev_ebitda_not_ready_without_clean_ebitda"", ""cyclical_model_uses_partial_leg_set""]}",EPV,A,28.280402744854666,-0.1988554463213975,fair_or_rich,,,,,,,24,SELL / AVOID,Data N/A,,,runtime_error,"{""buffett_v1"": [], ""buffett_v2"": [], ""buffett3"": [""valuation_weights_reallocated_over_ready_legs""], ""imfs"": [], ""quant"": [], ""hybrid"": [""tw hybrid training failed: Input contains infinity or a value too large for dtype('float64').""]}"
5269,祥碩科技股份有限公司,其他電子業,106044506112,1465.0,154.5156981186477,-848.1237297164935,高估,187.27037822975336,-682.2913660176728,高估,902.9511,-38.3651,避開,high_quality_compounder,"{""data_quality_flags"": [], ""manual_review_flags"": []}",RULE_OF_40,B,2825.638338826478,0.9759708663122224,deep_discount,45.0,40.44734815439012,85.44734815439011,True,30.5,92.64387996152387,48,HOLD,Data N/A,,,runtime_error,"{""buffett_v1"": [], ""buffett_v2"": [], ""buffett3"": [], ""imfs"": [""quality score only; no intrinsic value produced"", ""rule_of_40_bridge_applied""], ""quant"": [], ""hybrid"": [""tw hybrid training failed: Input contains infinity or a value too large for dtype('float64').""]}"
6781,"AES Holding Co., Ltd.",28,105919561728,1185.0,235.49823672461824,-403.1884809335916,高估,279.76594063386233,-323.5683576475248,高估,448.3297,-62.1663,避開,high_quality_compounder,"{""data_quality_flags"": [], ""manual_review_flags"": []}",EPV,A,381.96139032299607,-0.6919666207072612,fair_or_rich,,,,,,,57,HOLD,Data N/A,1130.39,15.819,buy,"{""buffett_v1"": [], ""buffett_v2"": [], ""buffett3"": [], ""imfs"": [], ""quant"": [], ""hybrid"": [""cv_rmse_mean=0.20945""]}"
6257,矽格股份有限公司,其他電子業,101501640704,210.5,25.25600612793657,-733.4651129465733,高估,27.9326074642579,-653.5995351288,高估,101.126,-51.9591,避開,high_quality_compounder,"{""data_quality_flags"": [], ""manual_review_flags"": []}",RULE_OF_40,B,75.72302765963843,-0.6428159072658565,fair_or_rich,7.514772086552823,14.948236459421349,22.463008545974173,False,12.0,6.310252304969869,51,HOLD,Data N/A,211.86,16.405,buy,"{""buffett_v1"": [], ""buffett_v2"": [], ""buffett3"": [], ""imfs"": [""quality score only; no intrinsic value produced"", ""rule_of_40_bridge_applied""], ""quant"": [], ""hybrid"": [""cv_rmse_mean=0.09038""]}"
6213,聯茂電子股份有限公司,28,99434266624,268.0,38.786110200381856,-590.9690056966875,高估,38.786110200381856,-590.9690056966875,高估,39.5105,-85.2573,避開,high_quality_compounder,"{""data_quality_flags"": [], ""manual_review_flags"": []}",EPV,A,41.58581807397809,-0.8479494768775938,fair_or_rich,,,,,,,32,SELL / AVOID,Data N/A,275.84,23.145,buy,"{""buffett_v1"": [], ""buffett_v2"": [], ""buffett3"": [], ""imfs"": [], ""quant"": [], ""hybrid"": [""cv_rmse_mean=0.15269""]}"
2377,微星科技股份有限公司,文化創意,97580892160,117.0,62.82384451642372,-86.23502095516183,高估,40.449481887023346,-189.2496876147502,高估,104.188,-10.9505,減碼,high_quality_compounder,"{""data_quality_flags"": [], ""manual_review_flags"": []}",EPV,A,68.03304515016875,-0.41096930605914506,fair_or_rich,,,,,,,54,HOLD,Data N/A,101.56,14.239,buy,"{""buffett_v1"": [], ""buffett_v2"": [], ""buffett3"": [], ""imfs"": [], ""quant"": [], ""hybrid"": [""cv_rmse_mean=0.10724""]}"
2492,華新科技股份有限公司,28,96960954368,220.0,63.93645019430533,-244.0916712319992,高估,75.79472287091987,-190.25767450151505,高估,106.4295,-51.623,避開,high_quality_compounder,"{""data_quality_flags"": [], ""manual_review_flags"": []}",EPV,A,47.40398864141548,-0.7629800567929226,fair_or_rich,,,,,,,32,SELL / AVOID,Data N/A,178.87,25.081,buy,"{""buffett_v1"": [], ""buffett_v2"": [], ""buffett3"": [], ""imfs"": [], ""quant"": [], ""hybrid"": [""cv_rmse_mean=0.17373""]}"
1476,儒鴻企業股份有限公司,紡織纖維,95754117120,341.5,224.64258980258018,-52.019258814686985,高估,243.86579040095052,-40.03604172546086,高估,369.2409,8.1233,持有,high_quality_compounder,"{""data_quality_flags"": [], ""manual_review_flags"": []}",EPV,A,201.00576927773045,-0.4240522370265603,fair_or_rich,,,,,,,44,TRIM / REDUCE,Data N/A,350.16,2.387,hold,"{""buffett_v1"": [], ""buffett_v2"": [], ""buffett3"": [], ""imfs"": [], ""quant"": [], ""hybrid"": [""cv_rmse_mean=0.09655""]}"
2467,志聖工業股份有限公司,28,95698305024,610.0,13.189096540821494,-4525.032488859208,高估,12.689510429001547,-4707.120049374488,高估,92.1577,-84.8922,避開,high_quality_compounder,"{""data_quality_flags"": [], ""manual_review_flags"": []}",EPV,A,47.952210057724685,-0.9233990254668936,fair_or_rich,,,,,,,54,HOLD,Data N/A,590.74,7.799,buy,"{""buffett_v1"": [], ""buffett_v2"": [], ""buffett3"": [], ""imfs"": [], ""quant"": [], ""hybrid"": [""cv_rmse_mean=0.13066""]}"
8996,高力熱處理工業股份有限公司,電機機械,95209619456,1065.0,33.28647347144526,-3099.497840807943,高估,46.962918158683145,-2167.7466430034615,高估,124.2832,-88.3302,避開,high_quality_compounder,"{""data_quality_flags"": [], ""manual_review_flags"": []}",EPV,A,90.18470804387768,-0.9120149189815828,fair_or_rich,,,,,,,36,TRIM / REDUCE,Data N/A,1059.65,-4.964,hold,"{""buffett_v1"": [], ""buffett_v2"": [], ""buffett3"": [], ""imfs"": [], ""quant"": [], ""hybrid"": [""cv_rmse_mean=0.18932""]}"
1717,長興材料工業股份有限公司,化學生技醫療,94248542208,79.6,14.807966267520154,-437.54849627524413,高估,15.665683104574368,-408.1170062527107,高估,24.8147,-68.8258,避開,high_quality_compounder,"{""data_quality_flags"": [], ""manual_review_flags"": []}",EPV,A,14.12352637745246,-0.8243342490366609,fair_or_rich,,,,,,,22,SELL / AVOID,Data N/A,80.66,-0.424,hold,"{""buffett_v1"": [], ""buffett_v2"": [], ""buffett3"": [], ""imfs"": [], ""quant"": [], ""hybrid"": [""cv_rmse_mean=0.08753""]}"
1560,中國砂輪企業股份有限公司,電機機械,93235838976,650.0,52.389258415794885,-1140.7123514541504,高估,70.7993641016343,-818.0873419525469,高估,131.6166,-79.7513,避開,high_quality_compounder,"{""data_quality_flags"": [], ""manual_review_flags"": []}",EPV,A,92.34853216739538,-0.8541097438113816,fair_or_rich,,,,,,,57,HOLD,Data N/A,568.32,12.986,buy,"{""buffett_v1"": [], ""buffett_v2"": [], ""buffett3"": [], ""imfs"": [], ""quant"": [], ""hybrid"": [""cv_rmse_mean=0.11519""]}"
3583,辛耘企業股份有限公司,其他電子業,77614235648,929.0,31.218755602031667,-2875.7752417894008,高估,31.218755602031667,-2875.7752417894008,高估,187.5075,-79.8162,避開,high_quality_compounder,"{""data_quality_flags"": [], ""manual_review_flags"": []}",RULE_OF_40,B,193.75276794888154,-0.7994277764504332,fair_or_rich,17.37241285346831,9.759705252701346,27.132118106169656,False,12.21,15.86836756338096,42,TRIM / REDUCE,Data N/A,903.04,32.216,buy,"{""buffett_v1"": [], ""buffett_v2"": [], ""buffett3"": [], ""imfs"": [""quality score only; no intrinsic value produced"", ""rule_of_40_bridge_applied""], ""quant"": [], ""hybrid"": [""cv_rmse_mean=0.16504""]}"
1229,聯華實業控股股份有限公司,食品工業,72085495808,39.95,16.379150163035163,-143.90764845761086,高估,23.617220493757372,-69.15623077050832,高估,14.6902,-63.2286,避開,defensive_dividend,"{""data_quality_flags"": [], ""manual_review_flags"": []}",EPV,A,25.71530399916812,-0.3619031265715106,fair_or_rich,,,,,,,34,TRIM / REDUCE,Data N/A,,,runtime_error,"{""buffett_v1"": [], ""buffett_v2"": [], ""buffett3"": [], ""imfs"": [], ""quant"": [], ""hybrid"": [""tw hybrid training failed: Input contains infinity or a value too large for dtype('float64').""]}"
9910,豐泰企業股份有限公司,其他電子業,70703767552,70.5,68.7941590174425,-2.47963054846705,高估,74.54859406679063,5.430812099773946,高估,93.7217,32.9386,買進,high_quality_compounder,"{""data_quality_flags"": [], ""manual_review_flags"": []}",RULE_OF_40,B,59.24013818052279,-0.17262376842845256,fair_or_rich,-4.544018703478336,6.030319730130355,1.4863010266520185,False,12.0,4.936678181710232,44,TRIM / REDUCE,Data N/A,72.05,-5.193,avoid,"{""buffett_v1"": [], ""buffett_v2"": [], ""buffett3"": [], ""imfs"": [""quality score only; no intrinsic value produced"", ""rule_of_40_bridge_applied""], ""quant"": [], ""hybrid"": [""cv_rmse_mean=0.0974""]}"
4919,新唐科技股份有限公司,其他電子業,69680988160,160.0,57.91364673384667,-176.27339845358188,高估,29.292953438233294,-446.2064463297418,高估,0.0,-100.0,避開,high_quality_compounder,"{""data_quality_flags"": [], ""manual_review_flags"": []}",RULE_OF_40,B,8.576075888570337,-0.9483368922375282,fair_or_rich,-4.4822197210876435,1.0,-3.4822197210876435,False,12.0,0.7146729907141948,44,SELL / AVOID,Data N/A,,,runtime_error,"{""buffett_v1"": [], ""buffett_v2"": [], ""buffett3"": [], ""imfs"": [""quality score only; no intrinsic value produced"", ""rule_of_40_bridge_applied""], ""quant"": [], ""hybrid"": [""tw hybrid training failed: Input contains infinity or a value too large for dtype('float64').""]}"
8021,尖點科技股份有限公司,電腦周邊,64688939008,490.5,23.05079501105071,-2027.9092533027645,高估,23.05079501105071,-2027.9092533027645,高估,18.3742,-96.254,避開,high_quality_compounder,"{""data_quality_flags"": [], ""manual_review_flags"": []}",EPV,A,27.230856904066968,-0.93894426703124,fair_or_rich,,,,,,,39,TRIM / REDUCE,Data N/A,434.28,24.08,buy,"{""buffett_v1"": [], ""buffett_v2"": [], ""buffett3"": [], ""imfs"": [], ""quant"": [], ""hybrid"": [""cv_rmse_mean=0.13158""]}"
3450,聯鈞光電股份有限公司,其他電子業,64245317632,422.0,19.07437895127024,-2112.391821920353,高估,19.07437895127024,-2112.391821920353,高估,43.8598,-89.6067,避開,high_quality_compounder,"{""data_quality_flags"": [], ""manual_review_flags"": []}",RULE_OF_40,B,71.01020507185453,-0.8389791268211915,fair_or_rich,13.437877304493417,8.501310603623189,21.939187908116608,False,12.0,5.91751708932121,39,TRIM / REDUCE,Data N/A,407.27,29.497,buy,"{""buffett_v1"": [], ""buffett_v2"": [], ""buffett3"": [], ""imfs"": [""quality score only; no intrinsic value produced"", ""rule_of_40_bridge_applied""], ""quant"": [], ""hybrid"": [""cv_rmse_mean=0.16344""]}"
3006,晶豪科技股份有限公司,其他電子業,61429923840,238.0,29.583740750528545,-704.4959628567185,高估,29.583740750528545,-704.4959628567185,高估,3.6524,-98.4654,避開,high_quality_compounder,"{""data_quality_flags"": [], ""manual_review_flags"": []}",RULE_OF_40,B,14.572695084442937,-0.9326896300949519,fair_or_rich,8.08372576448435,2.4056216996873103,10.489347464171662,False,12.0,1.2143912570369115,51,HOLD,Data N/A,207.27,29.139,buy,"{""buffett_v1"": [], ""buffett_v2"": [], ""buffett3"": [], ""imfs"": [""quality score only; no intrinsic value produced"", ""rule_of_40_bridge_applied""], ""quant"": [], ""hybrid"": [""cv_rmse_mean=0.16526""]}"
8150,南茂科技股份有限公司,其他電子業,59458248704,83.9,23.71635087693167,-253.764373091678,高估,25.00714267430828,-235.504144126777,高估,24.7977,-70.4437,避開,high_quality_compounder,"{""data_quality_flags"": [], ""manual_review_flags"": []}",RULE_OF_40,B,28.447506850184872,-0.6672806216352647,fair_or_rich,5.450281810699886,5.51129024216571,10.961572052865597,False,12.0,2.3706255708487394,39,TRIM / REDUCE,Data N/A,,,runtime_error,"{""buffett_v1"": [], ""buffett_v2"": [], ""buffett3"": [], ""imfs"": [""quality score only; no intrinsic value produced"", ""rule_of_40_bridge_applied""], ""quant"": [], ""hybrid"": [""tw hybrid training failed: [16:22:58] C:\\actions-runner\\_work\\xgboost\\xgboost\\src\\data\\data.cc:568: Check failed: valid: Label contains NaN, infinity or a value too large.""]}"
6278,台灣表面黏著科技股份有限公司,農業科技,59386503168,226.0,46.961351361703755,-381.2467985840362,高估,46.961351361703755,-381.2467985840362,高估,154.5341,-31.6221,避開,high_quality_compounder,"{""data_quality_flags"": [], ""manual_review_flags"": []}",EPV,A,93.9156301812869,-0.5429896341543217,fair_or_rich,,,,,,,47,HOLD,Data N/A,190.63,52.507,buy,"{""buffett_v1"": [], ""buffett_v2"": [], ""buffett3"": [], ""imfs"": [], ""quant"": [], ""hybrid"": [""cv_rmse_mean=0.13941""]}"
2441,超豐電子股份有限公司,其他電子業,55348719616,101.0,37.888040532967345,-166.5748837343999,高估,44.465284721201535,-127.14349100263851,高估,80.0964,-20.6966,避開,high_quality_compounder,"{""data_quality_flags"": [], ""manual_review_flags"": []}",RULE_OF_40,B,51.64163713612156,-0.46925347239340637,fair_or_rich,10.194889451556666,13.914801702195327,24.109691153751992,False,12.0,4.303469761343464,37,TRIM / REDUCE,Data N/A,96.19,5.934,buy,"{""buffett_v1"": [], ""buffett_v2"": [], ""buffett3"": [], ""imfs"": [""quality score only; no intrinsic value produced"", ""rule_of_40_bridge_applied""], ""quant"": [], ""hybrid"": [""cv_rmse_mean=0.077""]}"
1795,美時化學製藥股份有限公司,電子通路,54007414784,198.5,93.6433467525399,-111.97448284772678,高估,102.84925001904617,-93.00092121550786,高估,241.2152,21.519,觀察買進,high_quality_compounder,"{""data_quality_flags"": [], ""manual_review_flags"": []}",RULE_OF_40,B,268.21480103916184,0.3051815135725637,deep_discount,10.359575353874018,23.014012938605838,33.37358829247985,False,15.02,17.857177166388936,49,HOLD,Data N/A,223.77,-4.577,hold,"{""buffett_v1"": [], ""buffett_v2"": [], ""buffett3"": [], ""imfs"": [""quality score only; no intrinsic value produced"", ""rule_of_40_bridge_applied""], ""quant"": [], ""hybrid"": [""cv_rmse_mean=0.1657""]}"
3714,富采控股股份有限公司,農業科技,51566067712,68.2,50.665313613372035,-34.608857887341806,高估,50.665313613372035,-34.608857887341806,高估,8.906,-86.9413,避開,high_quality_compounder,"{""data_quality_flags"": [], ""manual_review_flags"": []}",EPV,A,,,warning,,,,,,,44,SELL / AVOID,Data N/A,70.5,12.084,buy,"{""buffett_v1"": [], ""buffett_v2"": [], ""buffett3"": [], ""imfs"": [""missing or non-positive normalized earnings""], ""quant"": [], ""hybrid"": [""cv_rmse_mean=0.13855""]}"
6451,訊芯科技控股股份有限公司,其他電子業,50751078400,525.0,41.23566622185628,-1173.1696807695384,高估,41.23566622185628,-1173.1696807695384,高估,6.7966,-98.7054,避開,high_quality_compounder,"{""data_quality_flags"": [], ""manual_review_flags"": []}",RULE_OF_40,B,22.67485193145578,-0.952563071273105,fair_or_rich,45.0,1.0,46.0,True,23.2,0.9773643073903354,23,SELL / AVOID,Data N/A,487.32,2.378,hold,"{""buffett_v1"": [], ""buffett_v2"": [], ""buffett3"": [], ""imfs"": [""quality score only; no intrinsic value produced"", ""rule_of_40_bridge_applied""], ""quant"": [], ""hybrid"": [""cv_rmse_mean=0.18721""]}"
3035,智原科技股份有限公司,其他電子業,50546761728,198.5,45.78322883597511,-333.5648774601597,高估,33.88028536416762,-485.8864465466902,高估,67.4117,-66.0395,避開,high_quality_compounder,"{""data_quality_flags"": [], ""manual_review_flags"": []}",RULE_OF_40,B,113.16570495454971,-0.4166716239456201,fair_or_rich,45.0,4.606225334188519,49.60622533418852,True,24.82,4.559456283422631,48,HOLD,Data N/A,170.5,11.436,buy,"{""buffett_v1"": [], ""buffett_v2"": [], ""buffett3"": [], ""imfs"": [""quality score only; no intrinsic value produced"", ""rule_of_40_bridge_applied""], ""quant"": [], ""hybrid"": [""cv_rmse_mean=0.18532""]}"
